10,Dorian,Erickson
1,Stephen,Mcbride
4,Denton,Head
6,Cameran,Bond
3,Kim,Reilly
10,Kerry,Reynolds
6,Hayley,Fitzpatrick
3,Dillon,Stevens
9,Mary,Benson
7,Lila,Massey
8,Solomon,Dalton
2,Rogan,Bullock
8,Rooney,Wiggins
3,Wayne,Patrick
3,Echo,Pena
6,Kalia,Hanson
9,Stacey,Floyd
8,Ivy,Ayala
10,Joelle,Sutton
2,Galvin,Delgado
2,Hiroko,Herman
2,Jane,Graves
7,Carlos,Hodges
3,Alan,Mckinney
9,Rigel,Byrd
3,Tatyana,Glass
2,Elizabeth,Cox
3,Aphrodite,Conley
7,Georgia,Dodson
7,Aretha,Mcfadden
1,Edan,Stanley
7,Kelsie,Benson
5,Joan,Sanford
7,Yetta,Frye
6,Alea,Holden
5,Alexa,Hurley
7,Laith,Goodman
3,Kiara,Calderon
9,Macy,Scott
10,Pascale,Parks
1,Hannah,Gregory
2,Inez,Lopez
5,Davis,Bennett
10,Hedda,Spencer
2,Shay,Burke
5,Ulysses,Navarro
7,Palmer,Harvey
10,Ivana,Silva
5,Germane,Henry
5,Gail,Hamilton
9,Ima,Harris
2,Nathaniel,Barker
3,Winter,Ramsey
3,Adrian,Jacobson
10,Meghan,Richards
2,Xavier,Watkins
1,Aidan,Sears
3,Chester,Goodman
10,Cain,Daniel
5,Leonard,Bradford
9,Kameko,Rios
4,Cade,Hatfield
7,Xandra,Porter
10,Veda,Russo
8,Adam,Bridges
7,Merrill,Morrison
1,Luke,Rowland
6,Randall,Barton
10,Alexandra,Bright
1,Wynne,Alford
6,Travis,Lambert
5,Caesar,Lamb
4,Dustin,Fulton
8,Judah,Anderson
2,Clayton,Gibson
10,Martina,Valenzuela
1,Kai,Gentry
10,Rhea,Brock
9,Keiko,Rodriquez
7,Vivian,Zimmerman
2,Gray,Mclean
7,Colorado,Logan
2,Christopher,Guy
9,Darius,Woodward
5,Mari,Mcknight
10,Deacon,Acevedo
2,Bevis,Harrison
3,Theodore,Hill
9,Forrest,Brown
3,Craig,Hogan
1,Jasmine,Rivas
8,Teagan,Colon
3,Lee,Mccullough
10,Faith,Kerr
1,Marcia,Marsh
2,Yen,Thompson
1,Xaviera,Vaughn
5,Hedy,Riley
3,Jessamine,Moon
2,Nero,Page
